name,imagenum1,imagenum2
Aaron_Peirsol,1,2
Aaron_Peirsol,3,4
Aaron_Sorkin,1,2
Abdel_Nasser_Assidi,1,2
Abdullah,1,3
Abdullah,2,4
Abdullah_al-Attiyah,1,3
Abdullah_al-Attiyah,2,3
Abel_Pacheco,1,4
Abel_Pacheco,3,4
Adam_Sandler,1,3
Adam_Sandler,1,4
Adam_Sandler,2,4
Adam_Scott,1,2
Adolfo_Aguilar_Zinser,1,3
Ahmed_Chalabi,2,4
Ai_Sugiyama,2,4
Aicha_El_Ouafi,1,3
Aicha_El_Ouafi,2,3
Akbar_Hashemi_Rafsanjani,1,3
Akhmed_Zakayev,1,3
Akhmed_Zakayev,2,3
Al_Gore,1,3
Alan_Ball,1,2
Alberto_Fujimori,1,2
Alberto_Ruiz_Gallardon,1,2
Albrecht_Mentz,1,2
Alec_Baldwin,1,2
Alec_Baldwin,1,4
Alec_Baldwin,2,3
Alec_Baldwin,3,4
Alejandro_Toledo,20,38
Alex_Barros,1,2
Alex_Sink,2,3
Alexandra_Stevenson,1,2
Alexandra_Stevenson,1,3
Alexandra_Vodjanikova,1,2
Ali_Abbas,1,2
Ali_Khamenei,1,2
Alice_Fisher,1,2
Alicia_Silverstone,1,2
Alimzhan_Tokhtakhounov,1,2
Alison_Lohman,1,2
Alvaro_Noboa,1,2
Alvaro_Noboa,2,3
Alvaro_Silva_Calderon,3,4
Amanda_Beard,1,2
Amber_Tamblyn,1,2
Amelia_Vega,2,4
Amelia_Vega,5,7
Amelia_Vega,6,7
Amer_al-Saadi,1,2
Ana_Guevara,1,5
Ana_Guevara,1,6
Ana_Guevara,2,6
Ana_Guevara,3,6
Anastasia_Myskina,1,2
Anastasia_Myskina,2,3
Anders_Fogh_Rasmussen,1,2
Anders_Fogh_Rasmussen,3,4
Andre_Agassi,9,18
Andrew_Weissmann,1,3
Andy_Roddick,3,15
Andy_Roddick,9,14
Andy_Roddick,12,15
Angela_Bassett,2,6
Angelina_Jolie,3,15
Angelina_Jolie,4,16
Angelina_Jolie,8,15
Angelina_Jolie,9,17
Angelina_Jolie,16,17
Anibal_Ibarra,2,3
Anna_Kournikova,5,9
Annette_Bening,1,2
Anthony_Hopkins,1,2
Antonio_Banderas,2,3
Antonio_Banderas,2,4
Antony_Leung,2,3
Anwar_Ibrahim,1,2
Arantxa_Sanchez-Vicario,1,2
Ari_Fleischer,1,13
Ari_Fleischer,2,4
Ari_Fleischer,4,6
Ari_Fleischer,8,13
Arianna_Huffington,1,2
Arianna_Huffington,2,3
Arminio_Fraga,2,6
Arnold_Palmer,1,2
Arnold_Palmer,1,3
Arnoldo_Aleman,1,3
Arnoldo_Aleman,2,4
Aron_Ralston,1,2
Art_Hoffmann,1,2
Arturo_Gatti,1,2
Arturo_Gatti,2,3
Arye_Mekel,1,2
Asa_Hutchinson,1,2
Atal_Bihari_Vajpayee,10,20
Atal_Bihari_Vajpayee,17,24
Augusto_Roa_Bastos,1,2
Azra_Akin,1,4
Barbara_Walters,1,3
Barbara_Walters,1,4
Barbara_Walters,3,4
Barbra_Streisand,1,2
Barbra_Streisand,2,3
Barrett_Jackman,1,2
Barry_Zito,1,2
Bashar_Assad,1,3
Bashar_Assad,3,4
Ben_Glisan,1,2
Ben_Howland,1,2
Benazir_Bhutto,1,2
Benazir_Bhutto,2,5
Bernard_Landry,1,2
Bernard_Landry,1,4
Bernard_Law,1,2
Bernard_Law,2,5
Bernardo_Segura,1,2
Beth_Jones,1,2
Bijan_Darvish,1,3
Bijan_Namdar_Zangeneh,1,2
Bill_Belichick,1,2
Bill_Callahan,1,2
Bill_Callahan,1,3
Bill_Clinton,4,20
Bill_Gates,3,11
Bill_Gates,4,15
Bill_Graham,1,7
Bill_Graham,8,9
Bill_Nelson,1,2
Bill_Simon,4,15
Bill_Simon,5,13
Billy_Crystal,3,5
Billy_Crystal,3,6
Billy_Crystal,5,6
Billy_Graham,1,2
Binyamin_Ben-Eliezer,2,5
Binyamin_Ben-Eliezer,3,7
Bo_Ryan,1,2
Bob_Beauprez,1,2
Bob_Geldof,1,2
Bob_Graham,1,5
Bob_Graham,1,6
Bob_Graham,2,4
Bob_Graham,3,5
Bob_Huggins,1,2
Bob_Stoops,5,7
Bobby_Robson,1,2
Boris_Berezovsky,1,2
Branko_Crvenkovski,1,3
Brendan_Hansen,1,2
Brooke_Shields,1,2
Bruce_Van_De_Velde,1,2
Bruce_Weber,1,2
Bud_Selig,1,2
Bud_Selig,1,4
Bulent_Ecevit,2,4
Bulent_Ecevit,2,5
Bulent_Ecevit,3,6
Cameron_Diaz,3,4
Candie_Kung,1,2
Candie_Kung,2,3
Carla_Myers,1,2
Carlos_Menem,1,3
Carlos_Menem,6,12
Carlos_Ruiz,2,3
Carlos_Vives,1,2
Carlos_Vives,2,3
Carly_Fiorina,1,2
Carly_Fiorina,1,3
Carmen_Electra,1,6
Carol_Moseley_Braun,1,2
Carolina_Kluft,1,3
Caroline_Kennedy,1,3
Carson_Palmer,2,4
Cate_Blanchett,2,3
Cate_Blanchett,2,4
Catherine_Deneuve,2,5
Catherine_Zeta-Jones,1,4
Catherine_Zeta-Jones,1,8
Catherine_Zeta-Jones,4,9
Catherine_Zeta-Jones,6,9
Catherine_Zeta-Jones,8,10
Cecilia_Bolocco,1,3
Cesar_Gaviria,2,5
Cesar_Gaviria,4,8
Cesar_Gaviria,6,7
Charles_Grassley,1,2
Charles_Moose,1,3
Charles_Moose,4,10
Charles_Moose,4,11
Charles_Schumer,1,2
Charlotte_Rampling,1,2
Chen_Liang_Yu,1,2
Cherie_Blair,1,2
Cherie_Blair,1,3
Cherie_Blair,2,4
Cherie_Blair,3,4
Choi_Sung-hong,1,4
Choi_Sung-hong,3,4
Chris_Cooper,1,2
Chris_Rock,1,2
Chris_Tucker,1,2
Christian_Fittipaldi,1,2
Christine_Gregoire,2,3
Christopher_Patten,1,2
Christopher_Walken,1,4
Christopher_Walken,2,4
Chuck_Amato,1,2
Chuck_Yeager,1,2
Chung_Mong-hun,1,2
Cindy_Margolis,1,2
Ciro_Gomes,2,3
Ciro_Gomes,2,4
Ciro_Gomes,3,4
Claire_Hentzen,1,2
Clara_Harris,1,4
Clara_Harris,2,4
Claudia_Pechstein,1,2
Claudia_Schiffer,1,3
Clint_Eastwood,1,5
Clint_Eastwood,1,6
Clint_Eastwood,3,6
Colin_Farrell,1,7
Colin_Farrell,3,7
Colin_Jackson,1,2
Colin_Montgomerie,2,4
Colin_Montgomerie,2,5
Colin_Powell,38,212
Colin_Powell,74,205
Colin_Powell,120,166
Conan_OBrien,1,2
Constance_Marie,2,3
Coretta_Scott_King,2,3
Corinne_Coman,1,2
Costas_Simitis,1,3
Costas_Simitis,2,4
Cristina_Saralegui,1,2
Cruz_Bustamante,1,4
Dalai_Lama,1,2
Dale_Earnhardt_Jr,1,2
Dale_Earnhardt_Jr,1,3
Damon_van_Dam,1,2
Dan_Morales,1,2
Dan_Morales,1,3
Daniel_Day-Lewis,1,2
Daniel_Day-Lewis,1,3
Darrell_Issa,1,2
Darrell_Porter,1,2
Darren_Clarke,1,2
Daryl_Hannah,1,2
David_Anderson,1,2
David_Anderson,2,4
David_Beckham,4,17
David_Beckham,4,24
David_Beckham,5,10
David_Caruso,1,2
David_Coulthard,1,2
David_Dodge,1,2
David_Heymann,1,2
David_Hyde_Pierce,3,4
David_Myers,1,2
David_Nalbandian,4,9
David_Spade,1,2
David_Wells,1,2
David_Wells,2,5
Dean_Barkley,1,4
Dean_Barkley,2,3
Debbie_Reynolds,1,3
Debra_Brown,1,2
Demi_Moore,1,2
Demi_Moore,2,3
Demi_Moore,2,4
Dennis_Erickson,1,2
Dennis_Kucinich,2,5
Dennis_Kucinich,6,7
Derek_Lowe,1,2
Desiree_Lemosi,1,2
Dexter_Jackson,1,2
Diana_Krall,1,3
Diana_Krall,1,6
Diana_Krall,2,4
Diana_Munz,2,3
Dianne_Feinstein,2,3
Dick_Cheney,1,11
Dick_Cheney,1,14
Dolly_Parton,1,2
Dolma_Tsering,1,2
Don_Nickles,1,2
Don_Siegelman,2,3
Donald_Evans,1,2
Donald_Fehr,3,4
Doris_Roberts,1,2
Doug_Duncan,1,2
Drew_Barrymore,1,2
Duane_Lee_Chapman,1,2
Dwayne_Johnson,1,2
Eddy_Merckx,1,2
Edie_Falco,1,2
Edmund_Hillary,2,3
Edmund_Stoiber,2,3
Eduard_Shevardnadze,1,3
Eduard_Shevardnadze,3,4
Eduardo_Duhalde,5,11
Edward_Kennedy,1,2
Edward_Said,1,2
Edwina_Currie,2,3
Eileen_Coparropa,2,3
Elena_Bovina,1,2
Elijah_Wood,2,3
Elizabeth_Dole,1,3
Elizabeth_Hurley,1,2
Elizabeth_Hurley,2,3
Elizabeth_Hurley,4,5
Elizabeth_Shue,1,2
Ellen_DeGeneres,1,2
Elton_John,1,7
Elton_John,3,5
Elvis_Presley,1,2
Emanuel_Ginobili,2,4
Emile_Lahoud,1,2
Emily_Robison,1,2
Emma_Thompson,1,2
Emma_Thompson,1,3
Emmanuelle_Beart,1,2
Emmanuelle_Beart,2,3
Emmit_Smith,1,2
Enrique_Bolanos,1,2
Enrique_Bolanos,2,5
Enrique_Bolanos,4,5
Eric_Clapton,1,2
Eric_Rosser,1,2
Erika_Harold,2,5
Ernesto_Zedillo,1,2
Ernie_Els,1,3
Ethan_Hawke,1,4
Ethan_Hawke,2,4
Ethan_Hawke,3,4
Eunice_Barber,1,2
Eva_Dimas,1,2
Evander_Holyfield,1,2
Eve_Pelletier,1,2
Farouk_al-Sharaa,1,3
Farouk_al-Sharaa,2,3
Federico_Trillo,1,3
Felix_Mantilla,1,2
Fernando_Gonzalez,2,6
Fernando_Gonzalez,4,7
Fernando_Henrique_Cardoso,1,3
Fidel_Castro,4,14
Flavia_Delaroli,1,2
Frances_Fisher,1,2
Francis_Ford_Coppola,1,2
Francisco_Flores,3,4
Frank_Griswold,1,2
Frank_Solich,1,2
Frank_Solich,3,4
Franz_Muentefering,1,3
Franz_Muentefering,1,4
Franz_Muentefering,2,3
Fred_Thompson,2,3
Fujio_Cho,1,5
Gabriel_Valdes,1,2
Garry_Kasparov,1,2
Gary_Carter,1,2
Gary_Carter,1,3
Gary_Forsee,1,2
Gary_Locke,1,2
George_Clooney,2,8
George_Clooney,3,9
George_Clooney,5,7
George_Galloway,1,4
George_HW_Bush,1,10
George_HW_Bush,5,13
George_HW_Bush,10,13
George_Lopez,1,4
George_P_Bush,1,2
George_Pataki,1,5
George_Roy_Hill,1,2
George_Voinovich,1,2
George_Voinovich,1,3
Gerardo_Gambala,1,2
Gerry_Parsky,1,2
Gian_Marco,2,3
Gil_de_Ferran,2,3
Gisele_Bundchen,1,2
Gloria_Allred,1,2
Gloria_Macapagal_Arroyo,29,40
Gloria_Trevi,1,3
Gloria_Trevi,2,4
Gloria_Trevi,3,4
Goldie_Hawn,2,6
Gonzalo_Sanchez_de_Lozada,3,10
Gonzalo_Sanchez_de_Lozada,4,8
Gonzalo_Sanchez_de_Lozada,7,8
Goran_Persson,1,2
Grady_Irvin_Jr,1,2
Grant_Hackett,2,3
Greg_Rusedski,1,4
Greg_Rusedski,2,4
Greg_Rusedski,3,4
Gregg_Popovich,3,4
Guillaume_Soro,1,2
Guillermo_Canas,1,2
Guillermo_Canas,1,4
Guillermo_Canas,2,4
Guillermo_Coria,19,29
Guillermo_Coria,21,27
Guillermo_Ortiz,1,2
Gunter_Pleuger,2,5
Gustavo_Kuerten,1,2
Gustavo_Kuerten,2,3
Habib_Rizieq,4,5
Hal_Gehman,1,3
Hal_Sutton,1,2
Halle_Berry,1,10
Halle_Berry,7,15
Halle_Berry,10,16
Hamid_Karzai,1,2
Hamzah_Haz,1,2
Hanan_Ashrawi,1,2
Hans_Blix,2,3
Hans_Blix,6,36
Hans_Blix,14,36
Harbhajan_Singh,1,2
Hashim_Thaci,1,2
Hassan_Nasrallah,1,2
Heath_Ledger,1,2
Hector_Babenco,1,2
Hee-Won_Han,1,3
Heidi_Klum,1,3
Helen_Clark,3,4
Henrique_Meirelles,1,2
Herta_Daeubler-Gmelin,1,2
Hideki_Matsui,1,2
Hilary_Duff,1,3
Hilary_Duff,2,3
Hillary_Clinton,1,14
Hillary_Clinton,8,14
Hilmi_Ozkok,1,2
Hipolito_Mejia,1,3
Hisao_Oguchi,1,2
Holly_Hunter,2,3
Holly_Hunter,2,5
Holly_Hunter,4,7
Hootie_Johnson,1,2
Hosni_Mubarak,8,9
Hu_Jintao,1,2
Hu_Jintao,1,12
Hu_Jintao,2,3
Hugh_Grant,1,7
Hugh_Grant,1,9
Hun_Sen,1,2
Hun_Sen,1,4
Ian_McKellen,1,2
Ian_McKellen,1,3
Ian_McKellen,2,3
Ibrahim_Jaafari,1,2
Igor_Ivanov,5,16
Ilan_Ramon,1,3
Inam-ul-Haq,1,2
Inocencio_Arias,1,2
Intisar_Ajouri,2,3
Jack_Straw,4,22
Jackie_Chan,1,10
Jackie_Chan,7,12
Jacqueline_Obradors,1,2
Jada_Pinkett_Smith,1,2
James_Caan,1,2
James_Cunningham,1,2
James_Cunningham,2,3
James_Gandolfini,1,3
James_Jones,1,2
James_Parker,1,2
James_Schultz,1,2
James_Traficant,1,2
James_Traficant,1,3
James_Wolfensohn,1,3
Jan-Michael_Gambill,1,3
Jane_Fonda,1,2
Jane_Pauley,1,2
Janet_Napolitano,1,4
Janet_Napolitano,2,3
Jason_Jennings,1,2
Jason_Kidd,1,4
Jason_Kidd,1,10
Jason_Kidd,5,6
Jason_Kidd,6,9
Jason_Kidd,6,10
Javier_Solana,2,6
Javier_Solana,6,7
Jay_Leno,2,3
Jayson_Williams,1,2
Jean-Claude_Braquet,1,2
Jean-David_Levitte,3,4
Jean-David_Levitte,6,7
Jean-David_Levitte,8,10
Jean-Francois_Pontal,1,3
Jean-Sebastien_Giguere,1,2
Jean_Brumley,1,2
Jean_Chretien,3,8
Jean_Chretien,22,30
Jean_Chretien,31,50
Jeanne_Moreau,1,2
Jeb_Bush,4,12
Jeff_Van_Gundy,1,3
Jeffrey_Archer,1,2
Jeffrey_Immelt,1,2
Jeffrey_Jones,1,2
Jennifer_Aniston,5,13
Jennifer_Garner,1,6
Jennifer_Garner,1,10
Jennifer_Garner,4,5
Jennifer_Garner,5,11
Jennifer_Lopez,4,7
Jennifer_Lopez,5,15
Jennifer_Lopez,10,21
Jerry_Regier,2,3
Jessica_Lynch,1,2
Jia_Qinglin,1,2
Jim_Carrey,2,3
Jim_Edmonds,1,2
Jim_Furyk,1,6
Jim_OBrien,1,3
Jim_OBrien,2,3
Jim_Tressel,1,2
Jim_Tressel,2,3
Jiri_Novak,1,10
Jiri_Novak,4,7
Jiri_Novak,9,11
Jo_Dee_Messina,1,2
Joan_Claybrook,1,2
Joan_Laporta,2,7
Job_Cohen,1,2
Joe_Calzaghe,1,2
Joe_Dumars,1,2
Joe_Gatti,1,2
Joe_Torre,2,3
Joe_Torre,2,4
Joerg_Haider,1,2
John_Abizaid,3,9
John_Ashcroft,18,21
John_Ashcroft,25,27
John_Ashcroft,35,53
John_Cusack,1,2
John_F_Kennedy_Jr,1,2
John_Kerry,1,2
John_Kerry,5,14
John_Manley,2,7
John_Manley,3,4
John_Manley,4,5
John_McCain,3,4
John_McCain,5,6
John_McCormack,1,2
John_Paul_II,3,11
John_Reid,1,2
John_Rigas,1,2
John_Rosa,2,3
John_Ruiz,1,2
John_Snow,2,4
John_Snow,4,7
John_Snow,8,16
John_Snow,14,17
John_Swofford,1,3
John_Taylor,1,2
John_Warner,1,2
John_Warner,1,4
John_Warner,2,3
Johnny_Tapia,1,3
Johnny_Tapia,2,3
Jon_Gruden,2,7
Jonathan_Edwards,2,4
Jonathan_Mostow,1,2
Jong_Wook_Lee,1,3
Jorge_Batlle,1,3
Jorge_Batlle,2,3
Joschka_Fischer,14,15
Jose_Canseco,1,2
Jose_Manuel_Durao_Barroso,1,6
Jose_Manuel_Durao_Barroso,2,5
Jose_Manuel_Durao_Barroso,3,5
Jose_Maria_Aznar,4,22
Jose_Maria_Aznar,14,20
Jose_Mourinho,1,2
Jose_Sarney,1,2
Jose_Serra,1,9
Jose_Viegas_Filho,1,2
Joseph_Biden,1,3
Joseph_Biden,2,3
Joseph_Blatter,1,2
Joseph_Estrada,2,4
Juan_Carlos_Ferrero,2,9
Juan_Carlos_Ferrero,7,18
Juan_Ignacio_Chela,1,3
Juan_Pablo_Montoya,3,5
Juan_Valencia_Osorio,1,2
Juanes,1,2
Juanes,1,3
Juanes,2,3
Judy_Genshaft,1,2
Juergen_Peters,1,2
Julia_Tymoshenko,1,2
Julia_Tymoshenko,1,3
Julianne_Moore,6,12
Julianne_Moore,9,12
Julie_Taymor,1,2
Justin_Guarini,1,3
Justin_Guarini,2,3
Kate_Capshaw,1,2
Kate_Hudson,2,4
Kate_Winslet,1,4
Kate_Winslet,2,4
Katherine_Harris,2,3
Kathleen_Glynn,1,2
Kathryn_Bigelow,1,2
Katie_Harman,2,3
Keanu_Reeves,2,5
Keanu_Reeves,2,12
Keanu_Reeves,4,6
Kelli_White,1,2
Kelly_Clarkson,1,3
Kemal_Dervis,1,2
Ken_Watanabe,1,2
Kent_Rominger,1,2
Kevin_Spacey,1,5
Kevin_Spacey,2,4
Kevin_Stallings,1,2
Kim_Clijsters,4,9
Kim_Ryong-sung,3,10
Kim_Ryong-sung,4,6
Kim_Ryong-sung,4,9
Kimi_Raikkonen,1,3
Kimi_Raikkonen,2,3
Kobe_Bryant,1,3
Kobe_Bryant,2,3
Kurt_Busch,1,2
Kurt_Russell,1,2
Laila_Ali,1,2
Larry_Brown,1,2
Larry_Brown,3,7
Larry_Johnson,1,2
Larry_Lucchino,1,2
Lars_Von_Trier,1,3
Laura_Bush,4,32
Laura_Bush,11,40
Laura_Bush,13,16
Lauren_Hutton,1,2
LeAnn_Rimes,1,2
Leander_Paes,1,2
Lech_Walesa,1,2
Lee_Hoi-chang,1,3
Lee_Jun,1,2
Lee_Soo-hyuck,1,2
Lee_Soo-hyuck,1,3
Lee_Tae-sik,1,2
Lennox_Lewis,2,3
Lenny_Wilkens,2,3
Leonard_Hamilton,1,2
Lesley_McCulloch,1,2
Li_Peng,1,7
Li_Zhaoxing,1,3
Li_Zhaoxing,1,5
Li_Zhaoxing,2,8
Lim_Dong-won,1,2
Lionel_Richie,1,2
Lisa_Gottsegen,1,2
Lisa_Ling,1,2
Liu_Mingkang,1,2
Lleyton_Hewitt,10,12
Lon_Kruger,1,2
Lou_Piniella,1,3
Ludivine_Sagnier,1,4
Luiz_Inacio_Lula_da_Silva,12,33
Luiz_Inacio_Lula_da_Silva,17,42
Luiz_Inacio_Lula_da_Silva,25,33
Luke_Walton,1,2
Lynne_Cheney,1,3
Lynne_Cheney,2,3
Madonna,2,5
Magdalena_Maleeva,1,2
Mahathir_Mohamad,9,10
Mahathir_Mohamad,11,12
Manuel_Poggiali,1,2
Marc-Andre_Fleury,1,2
Marc_Grossman,1,2
Marc_Grossman,1,3
Marcelo_Ebrard,1,2
Marco_Antonio_Barrera,3,6
Marcus_Gronholm,1,2
Margaret_Thatcher,1,2
Maria_Luisa_Mendonca,1,2
Maria_Soledad_Alvear_Valenzuela,1,5
Maria_Soledad_Alvear_Valenzuela,2,3
Mariana_Pollack,1,2
Marie-Reine_Le_Gougne,1,2
Marilyn_Monroe,1,2
Marina_Anissina,1,2
Mark_Geragos,1,2
Mark_Gottfried,1,2
Mark_Hamister,1,2
Mark_Hurlbert,2,5
Mark_Schweiker,1,2
Mark_Warner,1,2
Martha_Beatriz_Roque,1,2
Martha_Bowen,1,2
Martha_Lucia_Ramirez,2,3
Martin_Brodeur,1,2
Martin_Hoellwarth,1,2
Martin_McCauley,1,2
Martin_Scorsese,2,6
Martin_Scorsese,3,6
Martin_Scorsese,4,5
Martina_Hingis,1,3
Martina_McBride,2,4
Martina_McBride,3,4
Marty_Mornhinweg,2,3
Mary-Kate_Olsen,1,2
Mary_Steenburgen,2,3
Masahiko_Nagasawa,1,2
Mathias_Reichhold,1,3
Matt_Damon,1,4
Matt_Damon,2,4
Matt_Damon,3,4
Matthew_Perry,3,5
Matthew_Perry,3,6
Matthew_Perry,6,7
Maureen_Fanning,1,2
Mel_Brooks,1,2
Mel_Gibson,1,2
Mesut_Yilmaz,1,2
Mian_Khursheed_Mehmood_Kasuri,2,3
Michael_Ballack,1,3
Michael_Ballack,2,3
Michael_Bloomberg,1,16
Michael_Caine,1,4
Michael_Caine,2,4
Michael_Chiklis,2,4
Michael_Douglas,3,5
Michael_Jordan,1,3
Michael_Jordan,1,4
Michael_Kostelnik,1,2
Michael_Moore,1,3
Michael_Patrick_King,1,2
Michael_Powell,2,4
Michael_Winterbottom,1,3
Michael_Winterbottom,2,3
Mick_Jagger,2,4
Miguel_Estrada,1,2
Mike_Babcock,1,2
Mike_Krzyzewski,2,4
Mike_Martz,3,5
Mike_Martz,4,5
Mike_Miller,1,2
Mike_Myers,5,7
Mike_Scioscia,1,2
Mike_Tyson,1,3
Mikhail_Kasyanov,1,2
Mikhail_Wehbe,1,4
Milo_Djukanovic,1,3
Milo_Maestrecampo,1,2
Milo_Maestrecampo,1,3
Milo_Maestrecampo,2,3
Miroljub,1,2
Miyako_Miyazaki,1,2
Mohamed_Benaissa,1,2
Mohammed_Al-Douri,2,5
Monica_Bellucci,1,3
Monica_Seles,2,3
Monica_Seles,4,6
Monique_Garbrecht-Enfeldt,1,3
Monique_Garbrecht-Enfeldt,2,3
Morgan_Freeman,1,2
Moshe_Katsav,1,4
Moshe_Katsav,2,3
Moshe_Katsav,2,4
Muhammad_Saeed_al-Sahhaf,1,5
Muhammad_Saeed_al-Sahhaf,3,4
Muhammad_Saeed_al-Sahhaf,4,5
Mukesh_Ambani,1,3
Munir_Akram,1,2
Nabil_Shaath,1,3
Nadia_Petrova,1,5
Naji_Sabri,4,8
Nancy_Demme,1,2
Nancy_Reagan,1,2
Nancy_Sinatra,1,2
Nanni_Moretti,1,2
Naomi_Watts,12,14
Natasha_McElhone,2,3
Nathalie_Baye,1,3
Nathalie_Baye,2,4
Nathan_Lane,1,2
Nebojsa_Pavkovic,1,2
Nia_Vardalos,3,4
Nicholas_Tse,1,2
Nick_Nolte,1,4
Nicolas_Cage,1,2
Nicolas_Escude,1,2
Nicolas_Lapentti,1,2
Noelle_Bush,2,4
Norah_Jones,5,13
Norman_Jewison,1,2
Norodom_Sihanouk,1,2
Norodom_Sihanouk,2,3
Nursultan_Nazarbayev,1,2
Oleksandr_Moroz,1,2
Olesya_Bonabarenko,1,2
Oswaldo_Paya,3,5
Oxana_Fedorova,2,4
Paradorn_Srichaphan,3,7
Paradorn_Srichaphan,8,10
Pascal_Lamy,1,2
Pat_Cox,1,2
Patricia_Clarkson,1,2
Patricia_Clarkson,1,3
Patricia_Heaton,1,2
Patrick_Ewing,1,2
Patrick_Roy,1,2
Patrick_Stewart,1,2
Paul_Coppin,1,2
Paul_McCartney,4,6
Paul_McNulty,1,2
Paul_ONeill,8,9
Paul_Pierce,1,2
Paul_Tagliabue,1,3
Paul_Tagliabue,2,3
Paul_Tagliabue,2,4
Paul_Wolfowitz,2,10
Paul_Wolfowitz,3,7
Paul_Wolfowitz,3,8
Paul_Wolfowitz,5,6
Paula_Radcliffe,4,5
Penelope_Ann_Miller,1,2
Pete_Carroll,1,2
Pete_Carroll,2,3
Pete_Sampras,3,18
Peter_Arnett,2,3
Peter_Bacanovic,1,2
Peter_Hillary,1,2
Peter_Struck,1,3
Peter_Struck,1,5
Petria_Thomas,1,2
Philippe_Noiret,1,2
Prince_Charles,2,4
Prince_Claus,1,3
Prince_Edward,1,2
Prince_Harry,1,2
Prince_Naruhito,2,3
Prince_William,1,2
Princess_Anne,1,2
Princess_Caroline,1,4
Princess_Elisabeth,1,2
Princess_Masako,1,2
Priscilla_Owen,1,2
Pupi_Avati,2,3
Queen_Beatrix,1,4
Queen_Beatrix,2,3
Queen_Elizabeth_II,4,11
Queen_Elizabeth_II,5,13
Queen_Elizabeth_II,6,7
Queen_Elizabeth_II,6,11
Queen_Latifah,1,3
Rainer_Schuettler,1,4
Rainer_Schuettler,3,4
Ralph_Lauren,1,2
Ranil_Wickremasinghe,2,3
Raoul_Ruiz,1,4
Raoul_Ruiz,3,4
Raquel_Welch,1,2
Ray_Allen,1,2
Ray_Allen,2,3
Raymond_Odierno,1,2
Rebekah_Chantay_Revels,2,4
Rebekah_Chantay_Revels,3,4
Recep_Tayyip_Erdogan,2,4
Recep_Tayyip_Erdogan,2,8
Recep_Tayyip_Erdogan,14,29
Reggie_Miller,1,2
Ricardo_Lagos,1,3
Ricardo_Lagos,2,23
Ricardo_Lagos,9,22
Ricardo_Lagos,17,18
Ricardo_Monasterio,1,2
Ricardo_Sanchez,3,4
Richard_Branson,1,2
Richard_Gephardt,1,3
Richard_Gephardt,2,6
Richard_Haass,1,2
Richard_Krajicek,2,3
Richard_Myers,3,4
Richard_Myers,3,14
Richard_Virenque,3,4
Rick_Barnes,1,2
Rick_Barnes,1,3
Rick_Santorum,2,3
Rick_Stansbury,1,2
Ricky_Martin,1,2
Rio_Ferdinand,1,2
Rob_Lowe,1,3
Rob_Lowe,2,3
Rob_Lowe,3,4
Rob_Marshall,4,6
Robbie_Williams,1,3
Robert_Blackwill,1,2
Robert_Bullock,1,2
Robert_De_Niro,1,2
Robert_De_Niro,1,6
Robert_De_Niro,5,6
Robert_Duvall,1,7
Robert_Duvall,3,6
Robert_Ehrlich,1,2
Robert_Fico,1,2
Robert_Kocharian,3,4
Robert_Mugabe,1,2
Robert_Stack,1,2
Robert_Witt,1,2
Robert_Zoellick,2,6
Roberto_Benigni,1,2
Roberto_Carlos,1,2
Robinson_Stevenin,1,2
Roger_Federer,4,8
Roger_Federer,4,12
Roger_Moore,3,5
Rogerio_Romero,1,2
Roh_Moo-hyun,1,31
Roh_Moo-hyun,7,15
Roman_Polanski,2,5
Roseanne_Barr,1,2
Roseanne_Barr,1,3
Ruben_Studdard,1,2
Rubens_Barrichello,1,9
Rubens_Barrichello,2,6
Rubens_Barrichello,5,10
Rudolph_Giuliani,6,17
Ruth_Dreifuss,1,2
Ruth_Harlow,1,2
Saburo_Kawabuchi,1,2
Sachiko_Yamada,1,4
Sachiko_Yamada,2,3
Sachiko_Yamada,2,4
Sachiko_Yamada,3,4
Sadie_Frost,2,3
Saeb_Erekat,1,2
Sally_Ride,1,2
Sam_Bith,1,2
Sam_Torrance,2,3
Samira_Makhmalbaf,1,2
Sammy_Sosa,1,2
Sandra_Bullock,1,4
Sandra_Bullock,2,4
Sandra_Bullock,3,4
Sarah_Hughes,1,2
Sarah_Hughes,1,6
Sarah_Michelle_Gellar,2,3
Scott_Peterson,1,3
Scott_Peterson,4,5
Scott_Wolf,1,2
Sean_Hayes,1,2
Sebastien_Grosjean,1,3
Sebastien_Grosjean,2,4
Sepp_Blatter,1,2
Sepp_Blatter,3,4
Serena_Williams,17,52
Sergei_Ivanov,1,5
Sergio_Garcia,1,2
Sergio_Vieira_De_Mello,5,6
Shane_Warne,1,2
Sharon_Davis,1,2
Sharon_Frey,1,2
Sheila_Copps,1,3
Sheila_Fraser,1,2
Sheryl_Crow,3,8
Shia_LaBeouf,1,2
Shimon_Peres,2,6
Sila_Calderon,1,3
Silvan_Shalom,1,6
Silvia_Farina_Elia,1,2
Silvia_Farina_Elia,1,3
Slobodan_Milosevic,2,3
Sonia_Gandhi,1,3
Sonia_Gandhi,2,3
Stacy_Dragila,1,2
Stephen_Daldry,1,2
Stephen_Friedman,1,2
Steve_Ballmer,1,2
Steve_Ballmer,2,3
Steve_Mariucci,1,2
Steve_Mariucci,2,3
Steve_Nash,2,4
Steve_Spurrier,1,2
Steve_Waugh,1,2
Steven_Spielberg,1,6
Stockard_Channing,1,3
Susan_Sarandon,2,3
Susan_Sarandon,2,6
Susan_Sarandon,4,6
Susilo_Bambang_Yudhoyono,1,2
Sylvester_Stallone,1,5
Takashi_Sorimachi,1,2
Ted_Maher,1,2
Terje_Roed-Larsen,1,2
Terry_Stotts,1,2
Theresa_May,1,3
Thierry_Falise,1,3
Thomas_Birmingham,1,2
Thomas_Bjorn,1,2
Thomas_Malchow,1,2
Tiger_Woods,1,3
Tiger_Woods,7,17
Tiger_Woods,7,19
Tiger_Woods,19,20
Tim_Conway,1,2
Tim_Duncan,3,4
Tim_Henman,2,18
Tim_Henman,10,16
Tim_Henman,15,19
Tim_Robbins,2,3
Tom_Craddick,2,3
Tom_Craddick,3,4
Tom_Crean,4,5
Tom_Daschle,18,21
Tom_Hanks,1,2
Tom_Hanks,3,10
Tom_Hanks,6,10
Tom_Harkin,1,4
Tom_Harkin,3,4
Tom_Harkin,3,5
Tom_Reilly,1,2
Tom_Reilly,1,3
Tom_Ridge,2,18
Tom_Ridge,3,22
Tom_Ridge,10,15
Tommy_Robredo,1,2
Tommy_Robredo,1,3
Tommy_Robredo,2,3
Tony_Bennett,1,3
Tony_Blair,6,94
Torri_Edwards,1,2
Tracy_McGrady,1,2
Trent_Lott,3,8
Tubby_Smith,2,3
Tyra_Banks,1,2
Tyron_Garner,1,2
Uma_Thurman,1,2
Valdas_Adamkus,1,2
Valentino_Rossi,4,5
Vanessa_Incontrada,3,4
Venus_Williams,6,15
Venus_Williams,8,9
Vicki_Zhao_Wei,1,2
Victoria_Clarke,2,5
Victoria_Clarke,3,5
Vidar_Helgesen,1,2
Vin_Diesel,1,2
Vince_Carter,1,2
Vincent_Gallo,1,3
Vivica_Fox,1,2
Vladimir_Putin,1,22
Vladimir_Voltchkov,1,2
Vojislav_Kostunica,3,7
Walter_Mondale,1,4
Wayne_Gretzky,2,3
William_Bratton,1,2
William_Bratton,1,3
William_Bratton,2,3
William_Bulger,1,2
William_Bulger,2,3
William_Bulger,2,4
William_Donaldson,3,7
William_Ford_Jr,1,3
William_Ford_Jr,2,3
William_Ford_Jr,3,4
William_Hochul,1,2
Win_Aung,1,3
Win_Aung,1,4
Wolfgang_Schuessel,1,3
Wu_Yi,1,3
Xanana_Gusmao,2,4
Xavier_Malisse,2,3
Xavier_Malisse,2,4
Yann_Martel,1,2
Yao_Ming,1,4
Yao_Ming,4,6
Yasar_Yakis,1,3
Yasar_Yakis,3,4
Yashwant_Sinha,2,3
Yashwant_Sinha,2,6
Yoko_Ono,1,2
Yoko_Ono,1,4
Yossi_Beilin,1,2
Yu_Shyi-kun,3,4
Yuri_Fedotov,1,2
Yuri_Malenchenko,1,2
Zhang_Wenkang,1,2
Zhu_Rongji,1,9
Zhu_Rongji,4,7
Zhu_Rongji,4,8
Zhu_Rongji,5,6
Zinedine_Zidane,2,4