name,imagenum1,name,imagenum2
AJ_Cook,1,Marsha_Thomason,1
Aaron_Sorkin,2,Frank_Solich,5
Abdel_Nasser_Assidi,2,Hilary_McKay,1
Abdoulaye_Wade,4,Linda_Dano,1
Abdul_Rahman,1,Magui_Serna,1
Abdullah,1,Dwain_Kyles,1
Abdullah_Nasseef,1,Hipolito_Mejia,3
Abel_Pacheco,1,Matt_Roney,1
Abel_Pacheco,4,Lucio_Stanca,1
Abner_Martinez,1,Aidan_Quinn,1
Abner_Martinez,1,Andre_Techine,1
Aby_Har-Even,1,Ricardo_Lopez_Murphy,2
Adisai_Bodharamik,1,Jesper_Parnevik,1
Adisai_Bodharamik,1,Mel_Brooks,2
Adolfo_Aguilar_Zinser,2,Ian_Wilmut,1
Adolfo_Aguilar_Zinser,3,Soon_Yi,1
Adolfo_Rodriguez_Saa,1,Catherine_Deneuve,2
Adrian_Nastase,2,Ham_Pong-sil,1
Afton_Smith,1,Marcos_Cafu,1
Afton_Smith,1,Mario_Lobo_Zagallo,1
Ahmed_Ahmed,1,David_Canary,1
Ahmed_Chalabi,1,Gian_Marco,3
Ahmed_Ibrahim_Bilal,1,Audrey_Lacroix,1
Ahmed_Ibrahim_Bilal,1,Eric_Christian_Olsen,1
Ahmed_Ibrahim_Bilal,1,Paul_Wilson,1
Ahmed_Ibrahim_Bilal,1,Rolf_Zimmermann,1
Ahmed_Lopez,1,Ray_Morrough,1
Ahmet_Demir,1,Karen_Lynn_Gorney,1
Ainsworth_Dyer,1,Mary_Sue_Coleman,1
Aishwarya_Rai,1,Lorne_Michaels,1
Aiysha_Smith,1,Elijan_Ingram,1
Akbar_Al_Baker,1,Louisa_Baileche,1
Akmal_Taher,1,Deena_Burnett,1
Al_Gore,6,Jeff_Weaver,1
Alain_Ducasse,1,Flavia_Delaroli,1
Alan_Jackson,1,Geoff_Dixon,1
Alan_Jackson,1,Peter_Albertsen,1
Alan_Trammell,1,Lin_Yung_Hsi,1
Albert_Brooks,1,Alexander_Downer,1
Albert_Brooks,1,Jim_Hendry,1
Alberto_Acosta,1,Manuel_Rosendo,1
Alberto_Gonzales,1,Li_Changchun,1
Alberto_Gonzales,1,Tina_Pisnik,1
Aldo_Paredes,1,Azmi_Bishara,1
Alec_Baldwin,3,Guy_Ritchie,1
Alec_Baldwin,3,Molly_Sims,1
Alejandro_Lembo,1,Azmi_Bishara,1
Alejandro_Lopez,1,Urmila_Matondkar,1
Alejandro_Toledo,24,Dianne_Feinstein,2
Alex_Holmes,1,Muhammad_Ibrahim_Bilal,1
Alex_King,1,Dennis_Erickson,1
Alex_King,1,Lynne_Thigpen,1
Alex_Wallau,1,Richard_Krajicek,1
Alexa_Loren,1,MC_Hammer,1
Alexander_Lukashenko,1,Richard_Haass,1
Alexander_Payne,1,Patrice_Chereau,1
Alexandre_Vinokourov,1,Bill_Rainer,1
Alfonso_Cuaron,1,Marcos_Milinkovic,1
Alfredo_Moreno,1,Dwayne_Wade,1
Alfredo_Moreno,1,Shane_Reynolds,1
Alfredo_di_Stefano,1,Robert_Pollack,1
Ali_Bin_Hussein,1,Jean-Luc_Bideau,1
Ali_Hammoud,1,Geoffrey_Rush,1
Alicia_Silverstone,1,Michael_Doleac,1
Alina_Kabaeva,1,Amanda_Plumer,1
Alison_Lohman,1,Lyudmila_Putin,1
Allan_Houston,1,Marwan_Muasher,1
Allen_Iverson,1,Steven_Spielberg,7
Ally_Sheedy,1,Arsinee_Khanjian,1
Ally_Sheedy,1,Pedro_Velasquez,1
Alvaro_Silva_Calderon,3,Toni_Jennings,1
Aly_Wagner,1,John_Perrota,1
Amanda_Beard,2,Nancy_Greenlaw,1
Amanda_Coetzer,2,Rhett_Warrener,1
Amanda_Plumer,1,Jean_Brumley,1
Amy_Cotton,1,Curt_Weldon,1
Amy_Redford,1,Guillaume_Depardieu,1
Amy_Smart,1,Cole_Chapman,1
Ana_Guevara,1,Michelangelo_Antonioni,1
Anastasia_Kelesidou,1,Maribel_Dominguez,1
Anastasia_Myskina,2,Maureen_Fanning,1
Anders_Fogh_Rasmussen,4,Paula_Dobriansky,1
Andrea_Bocelli,1,Glenn_Plummer,1
Andrea_Yates,1,Andy_Wisecarver,1
Andrea_Yates,1,Mike_Myers,4
Andrei_Nikolishin,1,Jessica_Lynch,1
Andres_Manuel_Lopez_Obrador,1,John_Jumper,1
Andres_Pastrana,1,Juan_Antonio_Samaranch,1
Andrew_Bernard,1,Colin_Farrell,6
Andrew_Bunner,1,David_Obey,1
Andrew_Cuomo,1,Hamad_Bin_Jassim,1
Andrew_Cuomo,2,Jean-Rene_Fourtou,1
Andrew_Fastow,1,Suzie_McConnell_Serio,1
Andrew_Gilligan,1,Hashim_Thaci,2
Andrew_Jarecki,1,Emily_Mortimer,1
Andrew_Jarecki,1,Mike_Myers,3
Andrew_Weissmann,1,Johnny_Benson,1
Andy_Dick,1,Linda_Lingle,1
Andy_Madikians,1,Solomon_Passy,1
Andy_Roddick,1,Richard_Gephardt,4
Andy_Rooney,1,Mike_Krzyzewski,2
Andy_Wisecarver,1,Peggy_McGuinness,1
Anette_Hosoi,1,Dan_Dickau,1
Angel_Maza,1,Juliette_Lewis,1
Angela_Merkel,1,John_Edwards,6
Angelica_Romero,1,Hama_Arba_Diallo,1
Angelo_Genova,1,Denise_Locke,1
Anibal_Ibarra,1,Christine_Arron,1
Anibal_Ibarra,3,Jane_Walker_Wood,1
Anjum_Hussain,1,Vaclav_Klaus,1
Ann_Morgan,1,Garry_Kasparov,2
Anna_Jones,1,Colleen_Atwood,1
Anne_Cavers,1,Morgan_Freeman,1
Anne_Cavers,1,Sophie,1
Anne_Heche,1,Kenneth_Dam,1
Anne_ONeil,1,Rohinton_Mistry,1
Anneli_Jaatteenmaki,2,Ron_Dittemore,5
Anthony_Mazur,1,Ben_Wallace,1
Anthony_Mazur,1,Jose_Santos,1
Anthony_Mazur,1,Kim_Hong-up,1
Anthony_Pisciotti,1,Stephane_Rousseau,1
Anthony_Rackauckas,1,Jessica_Brungo,1
Anthony_Rackauckas,1,Samantha_Daniels,1
Anthony_Scott_Miller,1,Doc_Rivers,1
Anthony_Scott_Miller,1,Helen_Clark,2
Antwun_Echols,1,Henry_Hyde,1
Anwar_Ibrahim,1,Chung_Mong-hun,2
Anwar_Ibrahim,1,Santiago_Botero,1
Anzori_Kikalishvili,1,Milan_Kucan,1
Aram_Adler,1,Stanley_Nelson,1
Ari_Fleischer,1,Janet_Leigh,1
Arnie_Boehm,1,Natasa_Micic,1
Arnold_Palmer,2,Marc_Gold,1
Art_Hoffmann,2,Timothy_Coughlin,1
Arthur_Martinez,1,Brad_Wilk,1
Artieas_Shanks,1,Hrithik_Roshan,1
Arye_Mekel,1,Jaouad_Gharib,1
Ashanti,4,Tom_Lantos,1
Ashraf_Ghani,1,Max_von_Sydow,1
Ashton_Kutcher,3,Julio_Toro,1
Asif_Hanif,1,John_Connolly,1
Atal_Bihari_Vajpayee,24,Sarah_Price,1
Atsushi_Sato,1,Zinedine_Zidane,5
Azmi_Bishara,1,Ludivine_Sagnier,3
BB_King,1,Benjamin_Martinez,1
BJ_Habibie,1,Daniel_Chin,1
Baburam_Bhattari,1,Carlos_Fasciolo,1
Barbara_Bodine,1,Dora_Bakoyianni,1
Barbara_Boxer,1,Carin_Koch,1
Barbara_Walters,2,Martin_Scorsese,2
Barrett_Jackman,1,Maureen_Kanka,1
Barry_Bonds,1,Michael_Rolinee,1
Barry_Collier,1,Rainer_Schuettler,1
Barry_Ford,1,Michael_Bloomberg,18
Barry_Hinson,1,John_Cusack,1
Barry_Hinson,1,Prince_Naruhito,3
Bart_Hendricks,1,David_Beckham,8
Bart_Hendricks,1,Des_Brown,1
Basdeo_Panday,1,Maggie_Smith,1
Beatriz_Merino,1,Mikhail_Kalashnikov,1
Ben_Braun,1,Dionyssis_Georgiadis,1
Ben_Braun,1,Sereyvuth_Kem,1
Ben_Chandler,1,Ralph_Firman,2
Ben_Chandler,1,Russell_Simmons,3
Ben_Howland,1,Filippo_Volandri,1
Ben_Howland,2,Conan_OBrien,1
Ben_Kingsley,1,Rob_Marshall,5
Ben_Kingsley,1,Tom_Lantos,1
Ben_Lee,1,Mike_Holmgren,1
Benedita_da_Silva,1,Robert_Weitzel,1
Benedita_da_Silva,1,Yao_Ming,6
Benjamin_Bratt,1,Mark_Geragos,1
Benjamin_Martinez,1,Michael_Leavitt,1
Bernard_Giraudeau,1,Eve_Ensler,1
Bernard_Giraudeau,1,Marsha_Sharp,1
Bernard_Landry,1,Marc_Shaiman,1
Bernard_Law,3,Qian_Qichen,1
Bernard_Lord,2,Cheryl_Tiegs,1
Bernardo_Segura,2,Mike_Bair,1
Bernardo_Segura,2,Park_Jung_Sung,1
Bernardo_Segura,2,Ray_Romano,9
Bettina_Rheims,1,Stephen_Covey,1
Betty_Garrison,1,Rudy_Tomjanovich,1
Bijan_Namdar_Zangeneh,2,Inam-ul-Haq,1
Bill_Belichick,1,Guillermo_Coria,25
Bill_Bradley,1,Santiago_Botero,1
Bill_Callahan,2,Richard_Tubb,1
Bill_Duffey,1,Catriona_Le_May_Doan,1
Bill_Kong,1,Herta_Daeubler-Gmelin,2
Bill_Lerach,1,Lucio_Angulo,1
Bill_Nelson,2,Buck_Rodgers,1
Bill_Nelson,2,Roberto_Tovar,1
Bill_OReilly,1,Kathryn_Bigelow,1
Bill_Parcells,2,Jong_Wook_Lee,4
Bill_Pryor,1,Wes_Craven,1
Bill_Rainer,1,David_Ballantyne,1
Bill_Rainer,1,Patricia_Clarkson,4
Bill_Readdy,1,Kirk_Doerger,1
Bill_Richardson,1,Roger_Grimes,1
Bill_Stein,1,Chip_Burrus,1
Bill_Walton,1,Gary_Marshall,1
Billy_Bob_Thornton,1,Oscar_DLeon,1
Billy_Crystal,4,Shafal_Mosed,1
Billy_Graham,2,Jean_Nagel,1
Billy_Joel,1,Edwina_Currie,3
Billy_Joel,1,Lloyd_Richards,1
Binyamin_Ben-Eliezer,6,Vicki_Zhao_Wei,1
Bison_Dele,1,John_Stockton,4
Blythe_Hartley,2,Masahiko_Nagasawa,1
Bob_Alper,1,Chris_Reitsma,1
Bob_Alper,1,Tony_Curtis,2
Bob_Beauprez,1,Patsy_Mink,1
Bob_Bowlsby,1,Tyler_Grillo,1
Bob_Curtis,1,Hans_Blix,27
Bob_Ferguson,1,Jean-Francois_Pontal,1
Bob_Geldof,1,John_Spencer,2
Bob_Graham,6,Mary_Tyler_Moore,2
Bob_Krueger,1,Carlos_Alberto_Parreira,1
Bob_Melvin,1,Eileen_Coparropa,2
Bob_Stoops,2,David_Siegel,1
Bob_Stoops,4,Yoelbi_Quesada,1
Bob_Wright,1,Eriko_Tamura,1
Bob_Wright,1,Margaret_Thatcher,1
Bobby_Kielty,1,Keith_Rodriguez,1
Bobby_Kielty,1,Mark_Salter,1
Boris_Becker,2,Jason_Gardner,1
Boris_Berezovsky,1,David_Nalbandian,13
Boris_Henry,1,Richard_Branson,2
Boris_Henry,1,Venus_Williams,4
Brad_Brownell,1,Cindy_Moll,1
Brad_Gushue,1,Patricia_Wartusch,1
Brad_Johnson,3,Diana_Munz,2
Brandon_Hammond,1,Kurt_Thomas,1
Brandon_Inge,1,Jose_Lopez_Beltran,1
Brandon_Inge,1,Mike_Szymanczyk,1
Brendan_Hansen,1,Jim_Wong,1
Brendan_Stai,1,Justin_Marshall,1
Brennon_Leighton,1,Terry_Gilliam,1
Brent_Coles,1,Francois_Botha,1
Brett_Hull,1,Geoffrey_Rush,1
Brian_Grazier,1,Huang_Suey-Sheng,1
Brian_Grazier,1,Nate_Huffman,1
Brian_Grazier,1,Robbie_Williams,1
Brian_Gregory,1,Jimmy_Lee,1
Brian_Mulroney,2,Yogi_Berra,1
Brian_Pavlich,1,Marc-Andre_Fleury,2
Brian_Pavlich,1,Scott_Sullivan,1
Brian_Schneider,1,Tex_Ritter,1
Brian_Van_Dusen,1,Sergio_Garcia,1
Brittany_Snow,1,Jim_Bunning,1
Brook_Robinson,1,Paul_Farley,1
Brook_Robinson,1,Wan_Yanhai,1
Brooke_Gordon,1,Hushiar_Zebari,1
Brooke_Gordon,1,Lucia_Kenny_Anthony,1
Bruce_Arena,1,Robert_Wiener,1
Bruce_Springsteen,2,Shamai_Leibowitz,1
Bruce_Van_De_Velde,1,Greg_Owen,1
Bruno_Junquiera,1,Edgar_Savisaar,1
Bryant_Young,1,Lisa_Stone,1
Buck_Rodgers,1,Paul_ONeill,9
Budd_Schulberg,1,Michelle_Lecky,1
Bulent_Ecevit,1,Lee_Yuan-tseh,1
Buzz_Hargrove,1,Jonathan_Schroeder,1
Buzz_Hargrove,1,Keith_Olbermann,1
Buzz_Hargrove,1,Tom_Crean,5
Cabas,1,John_Dallager,1
Cabas,1,Nicole_Kidman,7
Caio_Blat,1,Paula_Radcliffe,3
Caio_Blat,1,Teresa_Worbis,1
Cameron_Diaz,1,Daniela_Cicarelli,1
Cameron_Diaz,1,Kim_Dae-jung,3
Camryn_Manheim,1,Simona_Hradil,1
Carla_Gay_Balingit,1,Fernando_Henrique_Cardoso,5
Carla_Myers,2,John_Henry,1
Carla_Sullivan,1,Monique_Garbrecht-Enfeldt,2
Carlos_Barra,1,Princess_Aiko,1
Carlos_Fasciolo,1,David_Bowie,1
Carlos_Fasciolo,1,Lisa_Gottsegen,2
Carlos_Paternina,1,Jeff_Feldman,1
Carlos_Queiroz,1,Pa_Kou_Hang,1
Carlos_Ruiz,1,Kelvin_Sampson,2
Carlos_Ruiz,1,Lincoln_Chafee,1
Carlos_Ruiz,1,Phil_Mickelson,2
Carlos_Salinas,1,Shaun_Rusling,1
Carlos_Savedra,1,Chris_Neil,1
Carlos_Vives,1,Piers_Sellers,1
Carly_Fiorina,2,Khalid_Qazi,1
Carolina_Barco,1,Maha_Habib,1
Carolina_Kluft,1,William_Bratton,2
Carolina_Moraes,2,Hushiar_Zebari,1
Cassandra_Heise,1,Michael_Kors,1
Cate_Blanchett,3,Jeanette_Stauffer,1
Cathryn_Crawford,1,Kathryn_Grayson,1
Catriona_Le_May_Doan,1,Kieran_Culkin,1
Catriona_Le_May_Doan,1,Paul_Henderson,1
Cecilia_Bolocco,1,Yann_Martel,2
Cecilia_Bolocco,2,Giulietta_Masina,1
Cesar_Gaviria,4,Sasha_Alexander,1
Chadha_Gurinder,1,George_Ryan,2
Chakib_Khelil,1,Nathan_Doudney,1
Chan_Choi,1,Helmut_Panke,1
Chan_Choi,1,Jayson_Williams,3
Charles_Bell,1,James_Carville,1
Charles_Chandler_IV,1,Rainer_Geulen,1
Charles_Lebois,1,Yingfan_Wang,1
Charles_Lebois,1,Zeng_Qinghong,1
Charles_Mathews,1,Judy_Genshaft,1
Charles_Moose,9,Sheryl_Crow,4
Charlotte_Casiraghi,1,Irina_Framtsova,1
Charlotte_Casiraghi,1,Jan_Pronk,1
Charlotte_Casiraghi,1,Paddy_Long,1
Chelsea_Clinton,1,Mohamed_Seineldin,1
Chen_Kaige,1,Manfred_Reyes_Villa,1
Chen_Tsai-chin,1,Tim_Welsh,1
Cheryl_Hines,1,Hal_Gehman,3
Cheryl_James,1,Cristiano_da_Matta,1
Cheryl_James,1,Humberto_Coelho,1
Chip_Ganassi,1,Lenny_Kravitz,1
Chip_Knight,1,Tracy_McGrady,2
Chris_Columbus,1,Patricia_Garone,1
Chris_Cooper,1,Jason_Statham,1
Chris_Cornell,1,Gary_Marshall,1
Chris_Crocker,1,Zafarullah_Khan_Jamali,1
Chris_Moore,1,Marsha_Sharp,1
Chris_Neil,1,Tom_Reilly,2
Christian_Bale,1,Nancy_Greenlaw,1
Christian_Lacroix,1,Tom_OBrien,1
Christian_Lirette,1,Taku_Yamasaki,1
Christian_Malcolm,1,Pat_Rochester,1
Christina_Aguilera,4,Fred_Huff,1
Christoph_Daum,1,Mitchell_Crooks,1
Christopher_Amolsch,1,Jen_Schefft,1
Christopher_Conyers,1,Yu_Shyi-kun,3
Christopher_Matero,1,Dita_Von_Tesse,1
Chuck_Finley,1,John_Wright,1
Chuck_Hagel,1,Hu_Jintao,1
Chuck_Yeager,2,Jacqueline_Obradors,1
Chuck_Yeager,2,Robert_Ehrlich,2
Chung_Mong-hun,1,Ronald_Perelman,1
Cindy_Klassen,1,Jayson_Williams,3
Cindy_Margolis,1,Rachel_Wadsworth,1
Cindy_Moll,1,Gregorio_Rosal,1
Cindy_Moll,1,Randy_Jackson,1
Cindy_Zagorski,1,Farouk_al-Sharaa,2
Ciro_Gomes,4,Edgar_Savisaar,1
Ciro_Gomes,4,JT_Snow,1
Clara_Harris,1,Ekke_Hard_Forberg,1
Claude_Jorda,1,Darko_Milicic,1
Claudia_Schiffer,3,Marco_Antonio_Barrera,2
Claudine_Farrell,1,Dave_McNally,1
Clemente_de_la_Vega,1,Keith_Brown,1
Cliff_Ellis,1,Paul_Luvera,1
Clifford_Robinson,1,Tom_Schnackenberg,1
Clive_Lloyd,1,Fujio_Cho,5
Clive_Woodward,1,Yasar_Yakis,3
Cole_Chapman,1,Randy_Jackson,1
Colin_Cowie,1,Francisco_Urenda,1
Colin_Farrell,7,Rudolph_Holton,1
Colin_Jackson,2,Keiko_Sofia_Fujimori,1
Colin_Phillips,1,Lenny_Kravitz,1
Colleen_Atwood,1,Luis_Fonsi,1
Colleen_Donovan,1,Wen_Jiabao,9
Columba_Bush,1,Paul_Walker,1
Conan_OBrien,2,Crispin_Glover,1
Coretta_Scott_King,1,Tom_Welch,1
Costas_Simitis,1,Richard_Perle,1
Courtney_Cox,1,Kathryn_Grayson,1
Courtney_Cox,1,Taha_Yassin_Ramadan,9
Craig_Doblin,1,Monte_Kiffin,1
Craig_OClair,1,Eddie_Jordan,1
Craig_Wilson,1,Warren_Granados,1
Cristian_Barros,1,John_Lisowski,1
Cristian_Barros,1,Miranda_Otto,1
Cristian_Barros,1,Paul_William_Hurley,1
Cristian_Barros,1,Saied_Hadi_al_Mudarissi,1
Cristiano_da_Matta,1,Jason_Priestley,1
Cuba_Gooding_Jr,1,Lee_Byung-woong,1
Curtis_Rodriguez,1,Gary_Sinise,1
Curtis_Rodriguez,1,Phil_Cline,1
DAngelo_Jimenez,1,Wendy_Kennedy,1
Daja_Bedanova,1,Dean_Barker,1
Dale_Bosworth,1,Tyrone_Medley,1
Dale_Earnhardt,1,Demi_Moore,1
Dale_Earnhardt,1,Roy_Halladay,1
Damon_van_Dam,1,Maria_Shkolnikova,1
Dan_Bartlett,1,Tim_Robbins,2
Dan_Boyle,1,Pete_Gillen,1
Dan_Boyle,1,Zarai_Toledo,2
Dan_Duquette,1,Juliette_Binoche,1
Dan_Guerrero,1,Walter_Mondale,5
Dan_LaCoutre,1,Hernan_Diaz,1
Dan_LaCoutre,1,Michael_Jasny,1
Dan_Quayle,1,David_McKiernan,1
Dan_Quayle,1,Edina_Batar,1
Dana_Vollmer,1,Frank_Griswold,2
Daniel_Bruehl,1,Geovani_Lapentti,1
Daniel_Day-Lewis,3,Jaromir_Jagr,1
Daniel_Rouse,1,Talisa_Bratt,1
Daniel_Rouse,1,Tono_Suratman,1
Danny_Ainge,1,Sanjay_Gupta,1
Darla_Moore,1,Hugh_Carey,1
Darrell_Issa,1,Martin_Torrijos,1
Darren_Clarke,1,William_Swor,1
Dave_Matthews,1,Derek_Lowe,1
Dave_Matthews,1,Ruben_Studdard,1
Dave_Matthews,1,Suzanne_Torrance,1
Dave_McNally,1,John_Daly_Jr,1
Dave_Tucker,1,Scott_Peterson,2
Dave_Williams,1,Dick_Posthumus,1
Dave_Williams,1,Lin_Yung_Hsi,1
Dave_Williams,1,Robin_McLaurin_Williams,2
David_Anderson,4,Stephanie_Moore,1
David_Anderson,5,Sharess_Harrell,1
David_Ballantyne,1,Job_Cohen,1
David_Bowie,1,Gloria_Allred,1
David_Dewhurst,1,Leah_Remini,1
David_Dodge,2,Jerry_Tarkanian,1
David_Duke,1,Micky_Arison,1
David_Duke,1,Yoon_Won-Sik,1
David_Gest,1,Hikmat_al-Azzawi,1
David_Heymann,3,Richard_Sterner,1
David_Hilt,1,Emma_Thompson,2
David_Hilt,1,Shawn_Bradley,1
David_Myers,2,Kenny_Brack,1
David_Przybyszewski,1,John_McCain,6
David_Sibleyk,1,Mikhail_Khodorkovsky,1
David_Siegel,1,Timothy_Rigas,1
David_Spade,1,Evander_Holyfield,1
David_Suazo,1,Liliana_Cavani,1
David_Suazo,1,Mesut_Yilmaz,1
David_Wells,7,Stefaan_Declerk,1
Dean_Barkley,4,Mohamed_Benaissa,2
Deb_Santos,1,Rodney_Rempt,1
Debbie_Reynolds,3,Kristin_Scott_Thomas,1
Debra_Yang,1,Morgan_Fairchild,1
Demetrius_Ferraciu,2,Mario_Austin,1
Denis_Fassou-Nguesso,1,Luiz_Felipe_Scolari,2
Denis_Fassou-Nguesso,1,Tim_Floyd,2
Deniz_Baykal,1,Martin_Hoellwarth,1
Dennis_Erickson,2,Tom_Craddick,1
Dennis_Kucinich,6,Terry_Hoeppner,1
Dennis_Oswald,1,Shamai_Leibowitz,1
Dereck_Whittenburg,1,Miranda_Otto,1
Derek_Bond,1,Stacy_Dragila,2
Derrick_Rodgers,1,Evo_Morales,1
Derrick_Rodgers,1,Young_Kim,1
Diana_Krall,1,Mark_Salter,1
Diana_Krall,3,Thomas_Wyman,2
Diana_Munz,3,Geno_Auriemma,1
Diana_Silvius,1,Robert_Pollack,1
Diana_Taurasi,2,Steven_Seagal,2
Dianne_Feinstein,1,Dolly_Parton,1
Dick_Bennett,1,Mary-Kate_Olsen,3
Dick_Bennett,1,Mike_Farrar,1
Dick_Smothers,1,John_Cornyn,1
Dick_Smothers,1,Lesley_Flood,1
Didier_Defago,1,Rani_Mukherjee,1
Diego_Armando_Maradona,1,Lee_Chang-dong,1
Dimitar_Berbatov,1,Naomi_Bronstein,1
Dinah_Turner,1,Gerald_Ford,1
Dinah_Turner,1,Mary_Catherine_Correll,1
Dita_Von_Tesse,1,Olesya_Bonabarenko,2
Djabir_Said-Guerni,1,Marty_Mornhinweg,3
Doc_Rivers,1,Malcolm_Glazer,1
Dolly_Parton,1,Miguel_Juarez_Perez,1
Don_Hewitt,1,Mike_Webster,1
Donald_Hays,1,Jennifer_Gratz,1
Donald_Hays,1,Marcio_de_Souza,1
Donald_Hays,1,Roger_Moore,3
Donna_Ralston,1,Lee_Nam-shin,1
Donnie_Brennan,1,Javier_Solana,9
Donnie_Brennan,1,Lesley_McCulloch,3
Donny_Osmond,1,Emilio_Azcarraga_Jean,1
Donny_Osmond,1,Heather_Locklear,1
Doris_Roberts,2,Tommy_Lewis,1
Dorothy_Lamour,1,Omar_Sharif,4
Doug_Christie,1,Richard_Jefferson,1
Doug_Wilson,1,Lee_Chang-dong,1
Drew_Bledsoe,1,Jackie_Sherrill,1
Duncan_Fletcher,1,Nikki_McKibbin,1
Dustin_Brown,1,Wu_Yi,2
Dyab_Abou_Jahjah,1,Tim_Curley,1
Earl_Campbell,1,Marco_Antonio_Barrera,3
Ed_Book,1,Mike_Alden,1
Ed_Rendell,1,Larenz_Tate,1
Ed_Smart,3,William_Shatner,1
Ed_Smart,3,Zaini_Abdullah,1
Eddie_Compass,1,Jean_Brumley,1
Eddie_Fenech_Adami,1,Elodie_Bouchez,1
Eddie_Lewis,1,Richard_Fine,1
Eddie_Murray,1,Elva_Hsiao,1
Edmund_Stoiber,5,Kenneth_Carlsen,1
Eduard_Shevardnadze,4,Taoufik_Mathlouthi,1
Eduardo_Chillida,1,Luther_Htu,1
Eduardo_Romero,1,Jerry_Colangelo,1
Edward_Burns,1,Lee_Ann_Womack,1
Edward_Lohn,1,Shingo_Suetsugu,1
Edward_Said,2,Gillian_Anderson,1
Eglis_Yaima_Cruz,1,Namuddu_Florence,1
Eglis_Yaima_Cruz,1,Steve_Spurrier,2
Eileen_Coparropa,1,John_Warner,4
Eileen_Coparropa,1,Sadie_Frost,3
Eileen_Spina,1,Jason_Statham,1
Ekke_Hard_Forberg,1,Kevin_Sorbo,1
Elena_Bereznaya,1,Queen_Beatrix,3
Eli_Stutsman,1,Gerald_Fitch,1
Elijan_Ingram,1,Thomas_Wilkens,1
Elijan_Ingram,1,Yang_Hee_Kim,1
Elizabeth_Taylor,1,Nancy_Kerrigan,1
Elizabeth_Taylor,1,Shimon_Peres,3
Ellen_DeGeneres,1,Fernando_Sanz,1
Ellen_DeGeneres,2,Kevin_Keegan,1
Ellen_DeGeneres,2,Richard_Sambrook,2
Ellen_Engleman,1,Hassanal_Bolkiah,1
Elodie_Bouchez,1,Enrique_Oliu,1
Elodie_Bouchez,1,Robert_Mugabe,2
Elton_John,3,Jason_Jennings,2
Elva_Hsiao,1,Michael_Deutsch,1
Emanuel_Ginobili,1,Norm_Macdonald,1
Emanuel_Ginobili,5,Ray_Halbritter,1
Emile_Lahoud,2,Ricky_Martin,1
Emily_Mortimer,1,Imelda_Marcos,1
Emily_Robison,2,Penelope_Taylor,1
Emmanuel_Milingo,1,Shane_Loux,1
Emmanuelle_Jagodsinski,1,Zara_Akhmadova,1
Emmit_Smith,1,Francisco_Santos,1
Emmit_Smith,2,Namuddu_Florence,1
Emmy_Rossum,1,Samantha_Ledster,1
Enola_Rice,1,Jose_Theodore,1
Enrique_Iglesias,1,Marion_Fahnestock,1
Enrique_Medina_Gomez,1,William_Cocksedge,1
Eric_Christian_Olsen,1,Lisa_Gottsegen,2
Eric_Lloyd,1,Mark_Gottfried,3
Eric_Robert_Rudolph,1,Gregg_Berhalter,1
Eric_Robert_Rudolph,1,Philippe_Gagnon,1
Eric_Taino,1,Igor_Ivanov,9
Erika_Harold,4,Sepp_Blatter,1
Erin_Brockovich,1,Takahiro_Mori,1
Ernest_Hollings,1,Steve_Backley,1
Ernie_Els,1,Octavio_Lara,1
Ernie_Grunfeld,1,Steven_Kinlock,1
Ernie_Harwell,1,Nora_Ephron,1
Ernie_Preate,1,Farouk_al-Sharaa,1
Ernie_Stewart,1,Mohammed_Mehdi_Saleh,1
Erskine_Bowles,1,Joe_Lieberman,11
Estella_Warren,1,Peter_Mugyeni,1
Fabrice_Santoro,3,Jennifer_Lopez,9
Faisal_Iqbal,1,Manfred_Stolpe,1
Faisal_Saleh_Hayat,1,Keira_Knightley,2
Farida_Ragoonanan,1,Lionel_Richie,2
Federico_Castelan_Sayre,1,Roger_Federer,3
Feliciano_Lopez,1,Lynne_Cheney,1
Felix_Mantilla,1,Lord_Hutton,1
Fernando_Alonso,1,Mahendra_Chaudhry,1
Fernando_Hierro,1,Julio_Rossi,1
Fernando_Hierro,1,Richard_Naughton,1
Fernando_Sanz,1,Sonia_Gandhi,2
Fernando_Sanz,1,Ted_Turner,1
Fernando_Valenzuela,1,Mitt_Romney,1
Fernando_Velardez,1,Nicolas_Cage,2
Florencia_Kirchner,1,Marat_Safin,2
Francis_George,1,Massoud_Barzani,1
Francis_Mer,1,Perri_Shaw,1
Francisco_Santos,1,Jan_Bjoerklund,1
Franck_Cerutti,1,Katrin_Cartlidge,1
Franck_Cerutti,1,Sheldon_Silver,1
Frank_Coraci,1,Julius_Barnes,1
Frank_Griswold,1,Martina_McBride,2
Frank_Hilldrup,1,Nathalie_Baye,2
Frank_Shea,1,Mercedes_Amor,1
Franko_Simatovic,1,Jonathan_Karsh,1
Fred_Eckhard,2,Tab_Turner,1
Fred_Thompson,2,Zeng_Qinghong,1
Freda_Black,1,Patricia_Clarkson,3
Frederique_van_der_Wal,1,Scott_Wallach,1
Fujio_Cho,1,Meles_Zenawi,1
Fujio_Cho,4,Shaun_Pollock,1
Gabi_Zimmer,1,John_Lisowski,1
Gabriel_Hughes,1,Rod_Bryden,1
Gael_Garcia_Bermal,1,Tyrone_Medley,1
Garry_Alejano,1,Yasser_Arafat,8
Gary_Bald,1,Jason_Sorens,1
Gary_Barnett,1,Sophie,1
Gary_Coleman,1,Michael_Powell,5
Gary_Condit,1,Peter_Medgyessy,1
Gary_Gitnick,1,Kong_Quan,1
Gene_Hackman,1,Willis_Roberts,1
Gennifer_Flowers,1,George_Bovell,1
Gennifer_Flowers,1,Ralph_Lauren,2
Geoffrey_Rush,1,Li_Changchun,1
George_Allen,1,Pedro_Duque,1
George_Gregan,1,James_Gandolfini,3
George_HW_Bush,3,Kelly_Osbourne,1
George_HW_Bush,9,John_Lisowski,1
George_Pataki,2,Hideki_Matsui,2
George_Ryan,4,Mitzi_Gaynor,1
George_W_Bush,353,Pupi_Avati,1
George_W_Bush,407,Rachel_Kempson,1
Georgina_Bardach,1,Phil_Vassar,2
Geraldo_Rivera,1,Jennifer_Aniston,13
Gerard_Butler,1,Pascal_Rheaume,1
Gerard_Depardieu,1,Harrison_Ford,7
Gerardo_Gambala,2,Joey_Mantia,1
Gerhard_Schmid,1,Noel_Niell,1
Gerry_Parsky,2,Teresa_Heinz_Kerry,1
Gian_Marco,2,Michael_Munoz,1
Gianna_Angelopoulos-Daskalaki,1,Rita_Wilson,3
Gilberto_Simoni,1,Raquel_Welch,2
Gilberto_Simoni,1,Razali_Ismail,1
Gilles_Panizzi,1,Martha_Lucia_Ramirez,4
Gilles_Panizzi,1,Shafal_Mosed,1
Gina_Torres,1,Qazi_Afzal,1
Gisele_Bundchen,1,Suzanne_Gaudet,1
Giulietta_Masina,1,Hunter_Kemper,1
Giulietta_Masina,1,Saied_Hadi_al_Mudarissi,1
Glenn_Plummer,1,Sandra_Banning,1
Gloria_Macapagal_Arroyo,34,Takaloo,1
Gloria_Trevi,1,Mickey_Rooney,1
Gong_Ruina,1,Prince_Charles,5
Gonzalo_Barrientos,1,Lionel_Hampton,1
Goran_Persson,1,Vernon_Forrest,1
Gordana_Grubin,1,Scott_Verplank,1
Gordana_Grubin,1,Sylvester_Stallone,6
Gordon_Cooper,1,Mark_Hamister,1
Grady_Irvin_Jr,1,Mitchell_Crooks,1
Grady_Little,1,Guido_Westerwelle,1
Graeme_Smith,1,Silvia_Farina_Elia,2
Graham_Bentley,1,Monica_Seles,4
Greg_Rusedski,4,Yoko_Ono,4
Gregg_Berhalter,1,Juan_Manuel_Marquez,1
Gregg_Popovich,4,Mario_Lobo_Zagallo,1
Gro_Harlem_Brundtland,2,Ted_Christopher,1
Guennadi_Chipouline,1,Maurice_Strong,1
Guido_Westerwelle,2,Tatiana_Paus,1
Guillermo_Canas,4,John_Paul_II,10
Gustavo_Terrazas,1,John_Starks,1
Guus_Hiddink,1,Janet_Napolitano,3
Guy_Hemmings,2,Ryan_Goodman,1
Gwen_Stefani,1,Marcus_Garrettson,1
Habib_Rizieq,1,Silvie_Cabero,1
Habib_Rizieq,4,Zhong_Nanshan,1
Hadley_Bilger,1,Jaime_Orti,1
Hadley_Bilger,1,Kathleen_Glynn,1
Hal_Sellers,1,Imad_Khadduri,1
Hal_Sellers,1,Leuris_Pupo,1
Halle_Berry,14,Mike_Holmgren,1
Hamad_Bin_Jassim,1,Yukio_Hatoyama,1
Hamid_Efendi,1,Valentina_Tereshkova,1
Hamid_Efendi,1,Wolfgang_Schuessel,4
Han_Sung_Joo,1,Hank_Azaria,1
Hank_Stram,1,Quin_Snyder,1
Hank_Stram,1,Rudolph_Holton,1
Hans-Christian_Schmid,1,Zaini_Abdullah,1
Hans_Blix,22,Saeed_Mortazavi,1
Harriet_Lessy,1,Petria_Thomas,3
Hasan_Wirayuda,1,Monique_Gagnon-Tremblay,1
Hatsui_Hasuike,1,Kim_Dae-jung,4
Heather_Locklear,1,Landon_Donovan,1
Heather_Locklear,1,Michelle_Hofland,1
Heather_Willson,1,Jeanette_Stauffer,1
Hector_Babenco,2,Mark_Salter,1
Hector_Grullon,1,Nicolas_Cage,4
Hedayat_Amin_Arsala,1,Ray_Lucas,1
Heinrich_Wolfgang,1,Mike_Fisher,1
Helen_Alvare,1,Pablo_Khulental,1
Helo_Pinheiro,1,Rien_Long,1
Henk_Bekedam,1,Jorge_Alberto_Galindo,1
Henry_Hyde,1,James_May,1
Herb_Ritts,1,Larry_Johnson,1
Herb_Sendek,3,Hillary_Clinton,3
Herman_Edwards,1,Sean_Hayes,2
Hermes_Gamonal,1,Jason_Biggs,1
Hermes_Gamonal,1,Sue_Wicks,1
Hillary_Clinton,2,Zydrunas_Ilgauskas,1
Hilmi_Ozkok,2,Johnny_Benson,1
Hiroki_Gomi,1,Steve_Karsay,1
Hisham_Halawi,1,Lonnie_Donegan,1
Hitoshi_Tanaka,1,Leo_Mullin,1
Holly_Robinson_Peete,1,Robert_Schuller,1
Hong_Myung,1,Roy_Chaderton,1
Howard_Stringer,1,Princess_Elisabeth,2
Hugh_Carey,1,Oprah_Winfrey,4
Hung_Wan-ting,1,Intisar_Ajouri,1
Hushiar_Zebari,1,Morgan_Fairchild,1
Hushiar_Zebari,1,Osrat_Iosef,1
Hussein_Malik,1,Kurt_Russell,1
Iain_Anderson,1,Troy_Garity,1
Iain_Duncan_Smith,2,Ted_Maher,2
Ian_Wilmut,1,Randall_Tobias,1
Ibrahim_Hilal,1,Kathy_Baker,1
Ibrahim_Jaafari,1,Tom_Brennan,1
Ibrahim_Rugova,1,Juan_Manuel_Marquez,1
Ignacio_Antonio_Velasco,1,Lionel_Richie,2
Igor_Trunov,1,Steve_Avery,1
Igor_Trunov,1,Vladimir_Voltchkov,2
Inga_Hall,1,Jorge_Alberto_Galindo,1
Inga_Hall,1,Richard_Tubb,1
Ira_Einhorn,1,William_Shatner,1
Irwan_Fadzi_Idris,1,Kathy_Bates,1
Irwan_Fadzi_Idris,1,Ted_Maher,2
Ismael_Miranda,1,John_Malkovich,1
Ismael_Miranda,1,Mohamed_Hammam,1
Jack_LaLanne,1,Zafarullah_Khan_Jamali,2
Jack_Straw,6,John_Rosa,2
Jack_Valenti,1,Jaouad_Gharib,1
Jackie_Sherrill,1,John_Norquist,1
Jacob_Frenkel,1,Joseph_Hoy,1
Jacob_Frenkel,1,Matthew_Ouimet,1
Jacques_Kallis,1,Robert_Towne,1
Jada_Pinkett_Smith,1,Mercedes_Amor,1
Jade_Jagger,1,Marisol_Breton,1
Jafar_Umar_Thalib,1,John_Rigas,1
Jafar_Umar_Thalib,1,Juan_Valencia_Osorio,1
Jakob_Kellenberger,1,Kiki_Vandeweghe,1
Jakob_Kellenberger,1,Riccardo_Muti,1
James_Baker,1,Piers_Sellers,1
James_Ballenger,1,Norah_Jones,5
James_Barksdale,1,Jose_Miguel_Aleman,1
James_Barksdale,1,Tom_DeLay,1
James_Collinson,1,Jim_Nochols,1
James_Cunningham,2,Martin_Kristof,1
James_Hakett,1,Leandro_Garcia,1
James_Hill,1,Natasha_McElhone,1
James_Jones,2,Patrick_Clawsen,1
James_May,1,Toutai_Kefu,1
James_McPherson,1,Ralph_Klein,2
James_Roberts,1,Olesya_Bonabarenko,2
James_Robertson_Jr,1,Justin_Wilson,1
James_Spalding,1,Saeed_Mortazavi,1
James_W_Kennedy,1,Joan_Collins,1
Jan_Petersen,1,Tom_Miller,1
Jane_Fonda,1,Marco_Antonio_Barrera,6
Jane_Riley,1,Paul_Walker,1
Jane_Russell,1,Lara_Logan,1
Jane_Russell,1,Svend_Robinson,1
Jane_Walker_Wood,1,Oswaldo_Paya,5
Janette_Husarova,1,Phil_Donahue,1
Jason_Bentley,1,Mark_Swartz,1
Jason_Bentley,1,Steven_Kinlock,1
Jason_Biggs,1,Rick_Barnes,2
Jason_Vale,1,Richard_Cohen,1
Jay_Leno,3,Pele,1
Jean-Francois_Pontal,1,Stella_McCartney,1
Jean-Rene_Fourtou,1,Shingo_Katayama,1
Jean-Sebastien_Giguere,1,Joshua_Davey,1
Jean-Sebastien_Giguere,2,Rhina_Villatoro,1
Jean_Brumley,2,Pamela_Anderson,5
Jeanette_Stauffer,1,Wang_Nan,1
Jeff_Bzdelik,1,Tonino_Guerra,1
Jeff_Bzdelik,1,Troy_Garity,1
Jeff_Schiffner,1,Jim_Greenwood,1
Jeff_Schiffner,1,Sanjay_Chawla,1
Jeff_Van_Gundy,3,Kaspar_Villiger,1
Jeff_Weaver,1,Luciano_Bovicelli,1
Jeff_Weaver,1,Natasha_Lyonne,1
Jeffery_Strelzin,1,Ratna_Sari_Dewi_Sukarno,1
Jeffrey_Archer,1,Kelly_Osbourne,1
Jeffrey_Archer,2,Yusuf_Misbac,1
Jeffrey_Donaldson,1,Joe_Metz,1
Jeffrey_Donaldson,1,Nora_Ephron,1
Jeffrey_Jones,1,John_Bond,1
Jeffrey_Scott_Postell,1,Linda_Baboolal,1
Jelena_Dokic,2,Ralph_Fiennes,1
Jennifer_Garner,2,Thad_Matta,1
Jennifer_Lopez,3,Johnny_Benson,1
Jennifer_Reilly,1,Ronald_Reagan,2
Jeremy_Fogel,1,Sharon_Frey,1
Jeremy_Gompertz,1,Sharon_Frey,2
Jerry_Lewis,1,Takashi_Sorimachi,1
Jerry_Sloan,1,Kimberly_Stewart,1
Jesse_Helms,1,Steve_Largent,1
Jesse_James_Leija,1,Melissa_Stark,1
Jessica_Alba,2,Zico,2
Jessica_Brungo,1,LeAnn_Rimes,1
Jesus_Cardenal,1,Ruben_Studdard,1
Jia_Qinglin,1,Marcelo_Salas,2
Jim_Bollman,1,Timothy_Coughlin,1
Jim_Fassel,1,Mark_Hamister,1
Jim_Hardin,1,Peter_Chan,1
Jim_Ryan,1,Roger_Staubach,1
Jim_Taylor,1,Ralph_Nader,1
Jim_Taylor,1,Thanongsak_Tuvinan,1
Jim_Thome,1,Kevin_Keegan,1
Jim_Thome,1,Roger_King,1
Jim_Wall,1,Mary_Blige,1
Jimmy_Jimenez,1,Juan_Francisco_Palencia,1
Jimmy_Lee,1,Steve_McManaman,1
Jimmy_Smits,1,Peter_Harvey,1
Jo_Dee_Messina,1,Jon_Stewart,1
Joan_Collins,1,Joe_Calzaghe,2
Joan_Dangerfield,1,John_Richardson,1
Joanne_Woodward,1,Pedro_Duque,1
Joe_Calzaghe,2,Joerg_Haider,2
Joe_Carnahan,1,Mary_Catherine_Correll,1
Joe_Cravens,1,Jose_Lopez_Beltran,1
Joe_Darrell,1,Liu_Xiaoqing,1
Joe_Mendes,1,Joy_Bryant,1
Joe_Mendes,1,Micky_Ward,1
Joel_Gallen,1,Martin_Scorsese,1
Joel_Todd,1,Pascal_Lamy,1
Joey_Mantia,1,Mitar_Rasevic,1
John_Anderson,1,Katerina_Smrzova,1
John_Anderson,1,Thomas_Weston,1
John_Brady,1,Tom_Brady,1
John_Leguizamo,1,Katie_Harman,1
John_Leguizamo,1,Mel_Gibson,1
John_Leguizamo,1,Victoria_Clarke,5
John_Lithgow,1,Manuel_Llorente,1
John_McKay,1,Kurt_Schottenheimer,1
John_Perrota,1,Olene_Walker,1
John_Petty,1,Stephen_Frears,1
John_Philip_Elkann,1,Ray_Morrough,1
John_Reilly,1,Jose_Canseco,2
John_Reilly,1,Ricky_Martin,1
John_Reilly,1,Yossi_Beilin,1
John_Starks,1,Kenenisa_Bekele,1
John_Sweeney,1,Lee_Tae-sik,2
John_Sweeney,1,Ronald_Ito,1
John_Swofford,3,Lindsay_Benko,2
John_Taylor,2,Sepp_Blatter,3
John_Thune,1,Mary-Kate_Olsen,3
John_White,1,Mikhail_Shvydkoi,1
John_Wright,1,Rafeeuddin_Ahmed,1
Johnny_Htu,1,Victor_Kraatz,1
Jonathan_Karsh,1,Mahmoud_Diyab_al-Ahmed,1
Jorge_Alberto_Galindo,1,Omar_Sharif,2
Jose_Acasuso,1,Lin_Yung_Hsi,1
Jose_Maria_Aznar,18,Svend_Robinson,1
Jose_Rosado,1,Ramon_Cardenas,1
Jose_Rosado,1,Tayshaun_Prince,1
Jose_Rosado,1,Ted_Maher,1
Jose_Serra,5,Wally_Szczerbiak,1
Jose_Woldenberg,1,Yashwant_Sinha,5
Joseph_Biden,5,Stephanie_Moore,1
Joseph_Hoy,1,Mark_Schweiker,2
Joseph_Kabila,1,Tabare_Vazquez,1
Joseph_Nacchio,1,Nikki_McKibbin,1
Joseph_Ralston,1,Shia_LaBeouf,2
Josh_Evans,1,Sok_An,1
Joy_Lee_Sadler,1,Richard_Palmer,1
Juan_Carlos_Ferrero,23,Sean_Hayes,2
Juan_Fernandez,1,Nancy_Humbert,1
Juan_Jose_Lucas,1,Nathalia_Gillot,1
Judy_Genshaft,1,Randy_Ferbey,1
Julian_Fantino,1,Paola_Espinoza,1
Julie_Infante,1,Mike_Easley,1
Juliette_Binoche,1,Venus_Williams,1
Julio_Cesar_Franco,1,Michael_Bolton,1
Julio_Iglesias_Jr,1,Justin_Marshall,1
Julius_Erving,1,Nanni_Moretti,2
Justin_Marshall,1,Queen_Sofia,1
Justin_Wilson,1,Pamela_Melroy,1
Justine_Pasek,5,Michael_Rolinee,1
Kaio_Almeida,1,Richard_Haass,2
Kaio_Almeida,1,Sven_Ottke,1
Karen_Lynn_Gorney,1,Soon_Yi,1
Karen_Pereiras,1,Peter_Arnett,2
Kate_Burton,1,Vin_Diesel,2
Kate_Winslet,1,Luis_Gonzalez,1
Kathryn_Tucker,1,Mathilda_Karel_Spak,1
Kathryn_Tucker,1,Tony_Fernandes,1
Katie_Couric,1,Richard_Cohen,1
Katie_Harman,3,Lin_Yung_Hsi,1
Katrin_Susi,1,Leonard_Hamilton,1
Kaye_Young,1,Ted_Williams,1
Keanu_Reeves,2,Liu_Xiaoqing,1
Keith_Bishop_Jr,1,Shaun_Pollock,1
Keith_Bishop_Jr,1,Wendy_Kennedy,1
Kellie_Coffey,1,Mark_Gangloff,1
Kelly_Osbourne,1,Sim_Yong,1
Ken_Dorsey,1,Mira_Sorvino,1
Kent_McCord,1,Marion_Barry,1
Kevin_Stallings,2,Zico,1
Khin_Nyunt,1,Raoul_Ruiz,3
Kim_Clijsters,6,Stephen_Ambrose,2
Kimberly_Bruckner,1,Natasha_McElhone,2
Kimberly_Bruckner,1,Ray_Lewis,1
Kimberly_Stewart,1,Lee_Yeo-jin,1
Kirk_Douglas,1,Troy_Garity,1
Kirk_Johnson,1,Michelle_Hofland,1
Kirk_Johnson,1,Uzi_Even,1
Kostya_Tszyu,1,Pauline_Landers,1
Kristen_Rivera,1,Mary_Robinson,1
Kristin_Scott,1,Milt_Palacio,1
Kwame_Kilpatrick,1,Ronnie_Musgrove,1
Kwon_Yang-sook,3,Princess_Masako,2
Kwon_Young-gil,1,Mark_Rosenbaum,1
Larry_Brown,6,Prince_Philippe,1
Larry_Johnson,2,Lee_Ann_Womack,1
Larry_Wilmore,1,Laura_Gobai,1
Larry_Wilmore,1,Nebojsa_Pavkovic,1
Lars_Von_Trier,1,Leon_Silver,1
Laura_Schlessinger,1,Zahir_Shah,1
Laurence_Tribe,1,Mark_Lazarus,1
Laurie_Pirtle,1,Porter_Goss,1
Lawrence_Foley,1,Omar_Vizquel,1
Lawrence_Vito,1,Martha_Sahagun_de_Fox,1
Lawrence_Vito,1,Sanjay_Chawla,1
Leah_Remini,1,Max_von_Sydow,1
Lee_Ann_Womack,1,Roberto_Carlos,2
Lee_Nam-shin,1,Nick_Nolte,1
Lee_Soo-hyuck,1,Scott_Sullivan,1
Lee_Yeo-jin,1,Mariangel_Ruiz_Torrealba,1
Leland_Chapman,1,Valorie_Brabazon,1
Lemuel_Montulo,1,Tom_Vilsack,1
Lene_Espersen,1,San_Lan,1
Leslie_Caldwell,2,Takuma_Sato,1
Leuris_Pupo,1,Stephen_Funk,1
Li_Changchun,1,Noel_Forgeard,1
Li_Ka-shing,1,Manuel_Poggiali,2
Li_Ka-shing,1,Prince_Willem-Alexander,3
Li_Zhaoxing,7,Yang_Jianli,1
Lin_Yung_Hsi,1,Patricia_Johnson,1
Linda_Baboolal,1,Michael_J_Fox,1
Linda_Baboolal,1,Raquel_Welch,2
Lionel_Hampton,1,Paola_Espinoza,1
Lionel_Richie,2,Ravan_AG_Farhadi,1
Lisa_Gottsegen,2,Steve_Phillips,1
Lisa_Stansfield,1,Urmila_Matondkar,1
Lisa_Stone,1,Todd_Reid,1
Lope_Mendoza,1,Roy_Halladay,1
Lorne_Michaels,1,Tex_Ritter,1
Lou_Piniella,3,Robert_DeFraites,1
Lucia_Kenny_Anthony,1,Paul_Wolfowitz,4
Lucio_Cecchinello,1,Strom_Thurmond,1
Luis_Guzman,1,Thomas_Ulrich,1
Luke_Ridnour,1,Najib_al-Salhi,1
Madeleine_Albright,1,Robert_Schuller,1
Mae_Jemison,1,Max_Biaggi,1
Mahmoud_Al_Zhar,1,Takaloo,1
Manuel_Poggiali,2,Wu_Peng,1
Manuel_Rosendo,1,Takaloo,1
Marc-Andre_Fleury,1,Rob_Lowe,3
Marcus_Garrettson,1,Rosalie_Perkov,1
Maria_Luisa_Mendonca,1,Terry_Hoeppner,1
Maria_Luisa_Mendonca,1,Tim_Lobinger,1
Maria_Wetterstrand,1,Tori_Amos,1
Mariah_Carey,1,Richard_Gephardt,8
Maribel_Dominguez,1,Vagit_Alekperov,1
Mario_Vasquez_Rana,1,Robert_Bonner,1
Marion_Fahnestock,1,Steve_Fehr,1
Marisol_Breton,1,Will_Young,1
Mark_Hurlbert,4,Todd_MacCulloch,1
Mark_Lazarus,1,Olene_Walker,1
Mark_Rosenbaum,1,Pupi_Avati,2
Markus_Beyer,1,Ulrich_Kueperkoch,1
Marlene_Weingartner,1,Steve_Avery,1
Martha_Smith,1,Ty_Votaw,1
Marwan_Muasher,1,Scott_OGrady,1
Mary_Robinson,1,Vanessa_Williams,1
Masja_Juel,1,Normand_Legault,1
Masja_Juel,1,Razali_Ismail,1
Mathias_Reichhold,1,Paul_ONeill,9
Matt_Anderson,1,Pauley_Perrette,1
Matt_Anderson,1,Tyler_Grillo,1
Matt_LeBlanc,1,Stanley_Tong,1
Maureen_Fanning,1,Paul_Tagliabue,1
Maureen_Kanka,1,Normand_Legault,1
Mehmet_Okur,1,Ty_Votaw,1
Mel_Karmazin,1,Vaclav_Klaus,2
Melina_Kanakaredes,1,Tom_Brennan,1
Melissa_Stark,1,William_Ragland,1
Michael_Caine,1,Tom_Watson,1
Michael_Chertoff,1,Ryan_Newman,1
Michael_Diekmann,1,Qian_Qichen,1
Michael_Hagee,1,Rick_Lu,1
Michael_Kors,1,Nate_Hybl,1
Michael_Schumacher,3,Stephanie_Moore,1
Michelle_Branch,2,Ricardo_Lopez_Murphy,2
Mick_Jagger,4,Roberto_Canessa,1
Mickey_Gilley,1,Sepp_Blatter,3
Mickey_Loomis,1,Najib_al-Salhi,1
Mickey_Loomis,1,Philippe_Gagnon,1
Mickey_Rooney,1,Mickey_Sherman,1
Mike_Bair,1,Timothy_Wirth,1
Mike_Bair,1,Tyrone_Medley,1
Mike_Fisher,1,Oscar_Bolanos,1
Mike_Gable,1,Sharon_Osbourne,1
Mike_OConnell,1,Natalie_Stewart,1
Milan_Kucan,1,Yuvraj_Singh,1
Milo_Maestrecampo,3,Wes_Craven,1
Minnie_Driver,1,Penny_Dupuie,1
Minnie_Driver,2,Yukio_Hatoyama,1
Minnie_Mendoza,1,Sherri_Coale,1
Mireille_Jospin-Dandieu,1,Ricardo_Lopez_Murphy,2
Misty_Dawn_Clymer,1,Terry_Stotts,2
Mitoji_Yabunaka,1,Sanjay_Gupta,1
Mitsou_Gelinas,1,Yana_Klochkova,1
Mohammed_Ashraf_Hafiz,1,Ronald_Young_Jr,1
Myung_Yang,1,Rene_Antonio_Leon_Rodriguez,1
Nabil_Shaath,2,Quincy_Jones,1
Nadia_Forte,1,Toni_Jennings,1
Nan_Wang,4,Penny_Dupuie,1
Nancy_Kerrigan,1,Thomas_Wyman,2
Naomi_Bronstein,1,Rainer_Geulen,1
Naomi_Watts,13,Yuri_Fedotov,2
Natalia_Dmitrieva,1,Nova_Esther_Guthrie,1
Natalia_Dmitrieva,1,Yana_Klochkova,1
Natalia_Dmitrieva,1,Yoshiyuki_Kamei,1
Natalia_Verbeke,1,Steny_Hoyer,1
Natalia_Vodonova,1,Russell_Simmons,4
Natalie_Cole,3,Steve_McManaman,1
Natasa_Micic,1,Oxana_Fedorova,3
Natasa_Micic,1,Simona_Hradil,1
Nathirah_Hussein,1,Pedro_Mahecha,1
Nathirah_Hussein,1,Tomas_Enge,1
Neri_Marcore,1,Wolfgang_Schuessel,2
Nick_Nolte,3,Steven_Briggs,1
Nicolas_Kiefer,1,Will_Young,1
Nicolas_Lapentti,1,Paula_Dobriansky,1
Nicolas_Latorre,1,Paulo_Cesar_Pinheiro,2
Nora_Ephron,1,Roel_Campos,1
Orlando_Bloom,1,Toutai_Kefu,1
Paddy_Torsney,1,Scott_Rudin,2
Pamela_Anderson,2,Stan_Kroenke,1
Paola_Espinoza,1,Ranil_Wickremasinghe,2
Paradorn_Srichaphan,7,Wolfgang_Schuessel,2
Parris_Glendening,1,Stefaan_Declerk,1
Pat_Cox,1,Prince_Felipe,1
Patrick_Clawsen,1,Valerie_Thwaites,1
Patrick_Ewing,2,Tali_Imani,1
Patrick_Roy,2,Ronald_Reagan,1
Paul_Murphy,1,Samantha_Daniels,1
Paul_ONeill,8,Steven_Feldman,1
Paul_Wilson,1,Pupi_Avati,1
Paula_Dobriansky,1,Selma_Phoenix,1
Paula_Radcliffe,1,Theresa_May,2
Paulo_Cesar_Pinheiro,1,Zhu_Rongji,5
Pedro_Velasquez,1,Queen_Rania,4
Pedro_Velasquez,1,Will_Ferrell,1
Peggy_McGuinness,1,Pete_Beaudrault,1
Penny_Lancaster,1,Sven_Ottke,1
Pernilla_Bjorn,1,Sanjay_Gupta,1
Pete_Beaudrault,1,Roy_Halladay,1
Pete_Gillen,1,Pringe_Ernst_August,1
Peter_Bacanovic,1,Zhang_Wenkang,1
Peter_Hillary,2,Terence_Newman,1
Pham_Sy_Chien,1,Sharon_Stone,5
Pier_Ferdinando_Casini,1,Steve_Phillips,1
Pier_Ferdinando_Casini,1,Tom_Curley,1
Piotr_Anderszewski,1,Yoshiyuki_Kamei,1
Platon_Lebedev,1,Ray_Young,1
Prince_Naruhito,2,Princess_Elisabeth,2
Princess_Anne,1,Roberto_Laratro,1
Princess_Anne,2,Tab_Turner,1
Pringe_Ernst_August,1,Rose_Marie,1
Pringe_Ernst_August,1,Suzanne_Haik_Terrell,1
Qian_Qichen,1,Sok_An,1
Quincy_Jones,1,Stephen_Joseph,1
Raag_Singhal,1,Ray_Halbritter,1
Rashid_Qureshi,1,Ray_Young,1
Ray_Halbritter,1,Xanana_Gusmao,3
Ray_Halbritter,1,Zara_Akhmadova,1
Ray_Morrough,1,Ron_Gonzales,1
Ray_Nagin,2,Thomas_Enqvist,1
Razali_Ismail,1,Rob_Marshall,4
Rene_Antonio_Leon_Rodriguez,1,Ted_Turner,1
Retief_Goosen,1,Tuncay_Sanli,1
Richard_Armitage,6,Sila_Calderon,1
Richard_Branson,2,Taufik_Hidayat,1
Richard_Krajicek,3,Zalmay_Khalilzad,1
Robert_Altman,1,Stella_Keitel,1
Robert_Lange,1,Tina_Andrews,1
Roberto_Cercelletta,1,Scott_Hamilton,1
Ron_Zook,1,Trista_Rehn,1
Ross_Verba,1,Tony_Curtis,2
Rudi_Voeller,1,Tim_Lobinger,1
Ruth_Harlow,1,Tony_Fernandes,1
Ryan_Leaf,1,Wilson_Alvarez,1
SJ_Twu,1,Sachin_Tendulkar,1
Sada_Jacobson,1,William_Webster,1
Sam_Torrance,3,Tom_Christerson,1
Sammy_Sosa,1,Steve_Park,1
Sandy_Smith,1,Susan_Walvius,1
Sara_Silverman,1,Stephen_Friedman,1
Sean_Combs,1,Sherry_Fisher,1
Shawn_Kemp,1,Steven_Seagal,1
Shi_Guangsheng,1,TA_McLendon,1
Shia_LaBeouf,1,Tatyana_Tomashova,1
Shoshana_Johnson,1,Suzanne_Mubarak,1
Simona_Hradil,1,Ted_Washington,1
Spike_Helmick,1,Stephen_Webster,1
Spike_Helmick,1,Wayne_Brady,1
Stanley_McChrystal,1,Tatjana_Gsell,1
Stanley_McChrystal,2,Surya_Bahadur_Thapa,1
Stanley_Nelson,1,Stella_Tennant,1
Stephen_Frears,1,Taufik_Kiemas,1
Stephen_Joseph,1,Steven_Spielberg,7
Steve_Redgrave,1,Tom_Crean,2
Syed_Ibrahim,1,Tim_Chapman,1
Tammy_Helm,1,Taufik_Kiemas,1
Terje_Roed-Larsen,2,Thomas_Rupprath,3
Thomas_Rupprath,3,Wendy_Kennedy,1
Tim_Howard,1,Tom_Reilly,1
Tom_Craddick,3,Val_Ackerman,1
Tom_Vilsack,1,Wayne_Ferreira,5
Trisha_Meili,1,Vladimiro_Montesinos,3
Ty_Votaw,1,Wayne_Allard,1
Vytas_Danelius,1,Zaini_Abdullah,1
Wendy_Kennedy,1,Zara_Akhmadova,1